model,train-data,test-data,accuracy,precision,recall,f1_score,throughput
BERT,original,original,0.9945454545454545,0.9920933734939759,0.9954665659236872,0.993777107297756,196.91685432153122
BERT,original,rewritten,0.7725619834710744,0.9156311314584696,0.5289006422364941,0.6704980842911877,190.90206497328634
BERT,combined,original,0.9932231404958678,0.9905873493975904,0.9939554212315829,0.9922685272487272,187.91463325137838
BERT,combined,rewritten,0.9418181818181818,0.9318780579601054,0.9353985644125425,0.9336349924585219,186.65104642076548
BERT,rewritten,original,0.9694214876033058,0.9801092043681747,0.949376652814507,0.9644981769334101,122.20096781206294
BERT,rewritten,rewritten,0.9370247933884297,0.927870090634441,0.9282206271250473,0.9280453257790369,190.4443573976912
