model,train-data,test-data,accuracy,precision,recall,f1_score,throughput
DistilBERT,original,original,0.9948760330578512,0.9928409947249435,0.9954665659236872,0.9941520467836257,201.3172093535724
DistilBERT,original,rewritten,0.7687603305785125,0.9121532364597094,0.5217227049489989,0.6637827445325643,402.03365930137113
DistilBERT,combined,original,0.9930578512396694,0.9916949792374481,0.9924442765394786,0.9920694864048338,200.49928040263225
DistilBERT,combined,rewritten,0.9373553719008264,0.9419329696024942,0.9131091802040046,0.9272971417609822,389.6956612967208
DistilBERT,rewritten,original,0.9659504132231405,0.9739805825242719,0.9474877219493767,0.9605515128303332,199.40205642762623
DistilBERT,rewritten,rewritten,0.9375206611570248,0.9292470677260689,0.9278428409520212,0.9285444234404537,389.0181803687584
