model,train-data,test-data,accuracy,precision,recall,f1_score,throughput
LSTM,original,original,0.9778512396694214,0.9804971319311664,0.9686437476388364,0.9745343975674648,616.7634618373717
LSTM,original,rewritten,0.8140495867768595,0.906517094017094,0.6411031356252361,0.7510511175038725,699.2572268662173
LSTM,combined,original,0.9765289256198347,0.9728199320498301,0.9735549678881753,0.9731873111782477,437.95366094815756
LSTM,combined,rewritten,0.9228099173553719,0.9110105580693816,0.9127313940309785,0.9118701641819211,427.39383505872416
LSTM,rewritten,original,0.9482644628099174,0.9806425041186162,0.8995088779750661,0.9383251231527093,751.8121383601215
LSTM,rewritten,rewritten,0.92,0.9209809264305178,0.8938420853796751,0.9072085889570553,728.8979954280468
