model,train-data,test-data,accuracy,precision,recall,f1_score,throughput
RNN,original,original,0.9428099173553719,0.949238578680203,0.9183981866263695,0.9335637480798771,628.2233629113176
RNN,original,rewritten,0.747603305785124,0.8222094361334867,0.5398564412542501,0.6517673888255416,562.3301580175108
RNN,combined,original,0.9366942148760331,0.9080749819754866,0.9516433698526634,0.9293488286294042,381.9084330212311
RNN,combined,rewritten,0.8233057851239669,0.7507946598855689,0.8923309406875708,0.8154669428620749,425.76412339907284
RNN,rewritten,original,0.9003305785123967,0.9178250204415372,0.848129958443521,0.8816021990967995,605.5778705761895
RNN,rewritten,rewritten,0.8231404958677686,0.8465934065934065,0.7276161692482055,0.782608695652174,628.4350477081653
