model,train-data,test-data,accuracy,precision,recall,f1_score,throughput
RoBERTa,original,original,0.9930578512396694,0.9916949792374481,0.9924442765394786,0.9920694864048338,139.35897343732717
RoBERTa,original,rewritten,0.8251239669421487,0.9047376464595007,0.6709482432942955,0.7704989154013016,207.141808832246
RoBERTa,combined,original,0.9923966942148761,0.9883589936162223,0.994333207404609,0.9913370998116761,138.76715481043414
RoBERTa,combined,rewritten,0.9406611570247934,0.9291072768192048,0.9357763505855685,0.932429888951628,205.0409227532677
RoBERTa,rewritten,original,0.9738842975206612,0.9770026830203143,0.9629769550434454,0.9699391171993912,134.31879967754645
RoBERTa,rewritten,rewritten,0.947603305785124,0.9392911010558069,0.9410653570079335,0.9401773919607473,197.7899317422158
